,genes,descriptions,gene_ids,search_substring,search_domain,name,defn,id,n_genes,synonym,uniprot
0,BCS1L,"BCS1 homolog, ubiquinol-cytochrome c reductase complex chaperone",617,GO:0005750,CC,mitochondrial respiratory chain complex III,"['""A protein complex located in the mitochondrial inner membrane that forms part of the mitochondrial respiratory chain. Contains about 10 polypeptide subunits including four redox centers: cytochrome b/b6, cytochrome c1 and an 2Fe-2S cluster. Catalyzes the oxidation of ubiquinol by oxidized cytochrome c1."" [GOC:mtg_sensu, ISBN:0198547684]']",GO:0005750,[13],"[[synonym(text='mitochondrial coenzyme Q-cytochrome c oxidoreductase complex', scope='EXACT', typename='', dbxrefs=set()), synonym(text='mitochondrial coenzyme Q-cytochrome c reductase complex', scope='EXACT', typename='', dbxrefs=set()), synonym(text='mitochondrial complex III', scope='EXACT', typename='', dbxrefs={'GOC:mcc'}), synonym(text='mitochondrial cytochrome bc(1) complex', scope='EXACT', typename='', dbxrefs={'GOC:mcc'}), synonym(text='mitochondrial cytochrome bc1 complex', scope='EXACT', typename='', dbxrefs={'GOC:mcc'}), synonym(text='mitochondrial electron transport complex III', scope='RELATED', typename='', dbxrefs={'GOC:mcc'}), synonym(text='mitochondrial ubiquinol-cytochrome c oxidoreductase complex', scope='EXACT', typename='', dbxrefs={'GOC:mcc'}), synonym(text='mitochondrial ubiquinol-cytochrome-c reductase complex', scope='EXACT', typename='', dbxrefs={'GOC:mcc'})]]",Q9Y276
1,C15orf48,chromosome 15 open reading frame 48,84419,GO:0005751,CC,mitochondrial respiratory chain complex IV,"['""A protein complex located in the mitochondrial inner membrane that forms part of the mitochondrial respiratory chain. Contains the 13 polypeptide subunits of cytochrome c oxidase, including cytochrome a and cytochrome a3. Catalyzes the oxidation of reduced cytochrome c by dioxygen (O2)."" [GOC:mtg_sensu, ISBN:0198547684]']",GO:0005751,[23],[nan],Q9C002
2,COX4I1,cytochrome c oxidase subunit 4I1,1327,GO:0005751,CC,mitochondrial respiratory chain complex IV,"['""A protein complex located in the mitochondrial inner membrane that forms part of the mitochondrial respiratory chain. Contains the 13 polypeptide subunits of cytochrome c oxidase, including cytochrome a and cytochrome a3. Catalyzes the oxidation of reduced cytochrome c by dioxygen (O2)."" [GOC:mtg_sensu, ISBN:0198547684]']",GO:0005751,[23],[nan],P13073
3,COX4I2,cytochrome c oxidase subunit 4I2,84701,GO:0005751,CC,mitochondrial respiratory chain complex IV,"['""A protein complex located in the mitochondrial inner membrane that forms part of the mitochondrial respiratory chain. Contains the 13 polypeptide subunits of cytochrome c oxidase, including cytochrome a and cytochrome a3. Catalyzes the oxidation of reduced cytochrome c by dioxygen (O2)."" [GOC:mtg_sensu, ISBN:0198547684]']",GO:0005751,[23],[nan],Q96KJ9
4,COX5A,cytochrome c oxidase subunit 5A,9377,GO:0005751,CC,mitochondrial respiratory chain complex IV,"['""A protein complex located in the mitochondrial inner membrane that forms part of the mitochondrial respiratory chain. Contains the 13 polypeptide subunits of cytochrome c oxidase, including cytochrome a and cytochrome a3. Catalyzes the oxidation of reduced cytochrome c by dioxygen (O2)."" [GOC:mtg_sensu, ISBN:0198547684]']",GO:0005751,[23],[nan],P20674
5,COX5B,cytochrome c oxidase subunit 5B,1329,GO:0005751,CC,mitochondrial respiratory chain complex IV,"['""A protein complex located in the mitochondrial inner membrane that forms part of the mitochondrial respiratory chain. Contains the 13 polypeptide subunits of cytochrome c oxidase, including cytochrome a and cytochrome a3. Catalyzes the oxidation of reduced cytochrome c by dioxygen (O2)."" [GOC:mtg_sensu, ISBN:0198547684]']",GO:0005751,[23],[nan],P10606
6,COX6A1,cytochrome c oxidase subunit 6A1,1337,GO:0005751,CC,mitochondrial respiratory chain complex IV,"['""A protein complex located in the mitochondrial inner membrane that forms part of the mitochondrial respiratory chain. Contains the 13 polypeptide subunits of cytochrome c oxidase, including cytochrome a and cytochrome a3. Catalyzes the oxidation of reduced cytochrome c by dioxygen (O2)."" [GOC:mtg_sensu, ISBN:0198547684]']",GO:0005751,[23],[nan],P12074
7,COX6A2,cytochrome c oxidase subunit 6A2,1339,GO:0005751,CC,mitochondrial respiratory chain complex IV,"['""A protein complex located in the mitochondrial inner membrane that forms part of the mitochondrial respiratory chain. Contains the 13 polypeptide subunits of cytochrome c oxidase, including cytochrome a and cytochrome a3. Catalyzes the oxidation of reduced cytochrome c by dioxygen (O2)."" [GOC:mtg_sensu, ISBN:0198547684]']",GO:0005751,[23],[nan],Q02221
8,COX6B1,cytochrome c oxidase subunit 6B1,1340,GO:0005751,CC,mitochondrial respiratory chain complex IV,"['""A protein complex located in the mitochondrial inner membrane that forms part of the mitochondrial respiratory chain. Contains the 13 polypeptide subunits of cytochrome c oxidase, including cytochrome a and cytochrome a3. Catalyzes the oxidation of reduced cytochrome c by dioxygen (O2)."" [GOC:mtg_sensu, ISBN:0198547684]']",GO:0005751,[23],[nan],P14854
9,COX6C,cytochrome c oxidase subunit 6C,1345,GO:0005751,CC,mitochondrial respiratory chain complex IV,"['""A protein complex located in the mitochondrial inner membrane that forms part of the mitochondrial respiratory chain. Contains the 13 polypeptide subunits of cytochrome c oxidase, including cytochrome a and cytochrome a3. Catalyzes the oxidation of reduced cytochrome c by dioxygen (O2)."" [GOC:mtg_sensu, ISBN:0198547684]']",GO:0005751,[23],[nan],P09669
10,COX7A1,cytochrome c oxidase subunit 7A1,1346,GO:0005751,CC,mitochondrial respiratory chain complex IV,"['""A protein complex located in the mitochondrial inner membrane that forms part of the mitochondrial respiratory chain. Contains the 13 polypeptide subunits of cytochrome c oxidase, including cytochrome a and cytochrome a3. Catalyzes the oxidation of reduced cytochrome c by dioxygen (O2)."" [GOC:mtg_sensu, ISBN:0198547684]']",GO:0005751,[23],[nan],P24310
11,COX7A2,cytochrome c oxidase subunit 7A2,1347,GO:0005751,CC,mitochondrial respiratory chain complex IV,"['""A protein complex located in the mitochondrial inner membrane that forms part of the mitochondrial respiratory chain. Contains the 13 polypeptide subunits of cytochrome c oxidase, including cytochrome a and cytochrome a3. Catalyzes the oxidation of reduced cytochrome c by dioxygen (O2)."" [GOC:mtg_sensu, ISBN:0198547684]']",GO:0005751,[23],[nan],P14406
12,COX7A2L,cytochrome c oxidase subunit 7A2 like,9167,GO:0005751,CC,mitochondrial respiratory chain complex IV,"['""A protein complex located in the mitochondrial inner membrane that forms part of the mitochondrial respiratory chain. Contains the 13 polypeptide subunits of cytochrome c oxidase, including cytochrome a and cytochrome a3. Catalyzes the oxidation of reduced cytochrome c by dioxygen (O2)."" [GOC:mtg_sensu, ISBN:0198547684]']",GO:0005751,[23],[nan],O14548
13,COX7B,cytochrome c oxidase subunit 7B,1349,GO:0005751,CC,mitochondrial respiratory chain complex IV,"['""A protein complex located in the mitochondrial inner membrane that forms part of the mitochondrial respiratory chain. Contains the 13 polypeptide subunits of cytochrome c oxidase, including cytochrome a and cytochrome a3. Catalyzes the oxidation of reduced cytochrome c by dioxygen (O2)."" [GOC:mtg_sensu, ISBN:0198547684]']",GO:0005751,[23],[nan],P24311
14,COX7C,cytochrome c oxidase subunit 7C,1350,GO:0005751,CC,mitochondrial respiratory chain complex IV,"['""A protein complex located in the mitochondrial inner membrane that forms part of the mitochondrial respiratory chain. Contains the 13 polypeptide subunits of cytochrome c oxidase, including cytochrome a and cytochrome a3. Catalyzes the oxidation of reduced cytochrome c by dioxygen (O2)."" [GOC:mtg_sensu, ISBN:0198547684]']",GO:0005751,[23],[nan],P15954
15,COX8A,cytochrome c oxidase subunit 8A,1351,GO:0005751,CC,mitochondrial respiratory chain complex IV,"['""A protein complex located in the mitochondrial inner membrane that forms part of the mitochondrial respiratory chain. Contains the 13 polypeptide subunits of cytochrome c oxidase, including cytochrome a and cytochrome a3. Catalyzes the oxidation of reduced cytochrome c by dioxygen (O2)."" [GOC:mtg_sensu, ISBN:0198547684]']",GO:0005751,[23],[nan],P10176
16,COX8C,cytochrome c oxidase subunit 8C,341947,GO:0005751,CC,mitochondrial respiratory chain complex IV,"['""A protein complex located in the mitochondrial inner membrane that forms part of the mitochondrial respiratory chain. Contains the 13 polypeptide subunits of cytochrome c oxidase, including cytochrome a and cytochrome a3. Catalyzes the oxidation of reduced cytochrome c by dioxygen (O2)."" [GOC:mtg_sensu, ISBN:0198547684]']",GO:0005751,[23],[nan],Q7Z4L0
17,CYC1,cytochrome c1,1537,GO:0005750,CC,mitochondrial respiratory chain complex III,"['""A protein complex located in the mitochondrial inner membrane that forms part of the mitochondrial respiratory chain. Contains about 10 polypeptide subunits including four redox centers: cytochrome b/b6, cytochrome c1 and an 2Fe-2S cluster. Catalyzes the oxidation of ubiquinol by oxidized cytochrome c1."" [GOC:mtg_sensu, ISBN:0198547684]']",GO:0005750,[13],"[[synonym(text='mitochondrial coenzyme Q-cytochrome c oxidoreductase complex', scope='EXACT', typename='', dbxrefs=set()), synonym(text='mitochondrial coenzyme Q-cytochrome c reductase complex', scope='EXACT', typename='', dbxrefs=set()), synonym(text='mitochondrial complex III', scope='EXACT', typename='', dbxrefs={'GOC:mcc'}), synonym(text='mitochondrial cytochrome bc(1) complex', scope='EXACT', typename='', dbxrefs={'GOC:mcc'}), synonym(text='mitochondrial cytochrome bc1 complex', scope='EXACT', typename='', dbxrefs={'GOC:mcc'}), synonym(text='mitochondrial electron transport complex III', scope='RELATED', typename='', dbxrefs={'GOC:mcc'}), synonym(text='mitochondrial ubiquinol-cytochrome c oxidoreductase complex', scope='EXACT', typename='', dbxrefs={'GOC:mcc'}), synonym(text='mitochondrial ubiquinol-cytochrome-c reductase complex', scope='EXACT', typename='', dbxrefs={'GOC:mcc'})]]",P08574
18,FOXRED1,FAD dependent oxidoreductase domain containing 1,55572,GO:0005747,CC,mitochondrial respiratory chain complex I,"['""A protein complex located in the mitochondrial inner membrane that forms part of the mitochondrial respiratory chain. It contains about 25 different polypeptide subunits, including NADH dehydrogenase (ubiquinone), flavin mononucleotide and several different iron-sulfur clusters containing non-heme iron. The iron undergoes oxidation-reduction between Fe(II) and Fe(III), and catalyzes proton translocation linked to the oxidation of NADH by ubiquinone."" [GOC:mtg_sensu, ISBN:0198547684]']",GO:0005747,[49],[nan],Q96CU9
19,MT-CO1,mitochondrially encoded cytochrome c oxidase I,4512,"GO:0005750, GO:0005751","CC, CC","mitochondrial respiratory chain complex III, mitochondrial respiratory chain complex IV","['""A protein complex located in the mitochondrial inner membrane that forms part of the mitochondrial respiratory chain. Contains about 10 polypeptide subunits including four redox centers: cytochrome b/b6, cytochrome c1 and an 2Fe-2S cluster. Catalyzes the oxidation of ubiquinol by oxidized cytochrome c1."" [GOC:mtg_sensu, ISBN:0198547684]', '""A protein complex located in the mitochondrial inner membrane that forms part of the mitochondrial respiratory chain. Contains the 13 polypeptide subunits of cytochrome c oxidase, including cytochrome a and cytochrome a3. Catalyzes the oxidation of reduced cytochrome c by dioxygen (O2)."" [GOC:mtg_sensu, ISBN:0198547684]']","GO:0005750, GO:0005751","[13, 23]","[[synonym(text='mitochondrial coenzyme Q-cytochrome c oxidoreductase complex', scope='EXACT', typename='', dbxrefs=set()), synonym(text='mitochondrial coenzyme Q-cytochrome c reductase complex', scope='EXACT', typename='', dbxrefs=set()), synonym(text='mitochondrial complex III', scope='EXACT', typename='', dbxrefs={'GOC:mcc'}), synonym(text='mitochondrial cytochrome bc(1) complex', scope='EXACT', typename='', dbxrefs={'GOC:mcc'}), synonym(text='mitochondrial cytochrome bc1 complex', scope='EXACT', typename='', dbxrefs={'GOC:mcc'}), synonym(text='mitochondrial electron transport complex III', scope='RELATED', typename='', dbxrefs={'GOC:mcc'}), synonym(text='mitochondrial ubiquinol-cytochrome c oxidoreductase complex', scope='EXACT', typename='', dbxrefs={'GOC:mcc'}), synonym(text='mitochondrial ubiquinol-cytochrome-c reductase complex', scope='EXACT', typename='', dbxrefs={'GOC:mcc'})], nan]",P00395
20,MT-CO2,mitochondrially encoded cytochrome c oxidase II,4513,GO:0005751,CC,mitochondrial respiratory chain complex IV,"['""A protein complex located in the mitochondrial inner membrane that forms part of the mitochondrial respiratory chain. Contains the 13 polypeptide subunits of cytochrome c oxidase, including cytochrome a and cytochrome a3. Catalyzes the oxidation of reduced cytochrome c by dioxygen (O2)."" [GOC:mtg_sensu, ISBN:0198547684]']",GO:0005751,[23],[nan],P00403
21,MT-CO3,mitochondrially encoded cytochrome c oxidase III,4514,GO:0005751,CC,mitochondrial respiratory chain complex IV,"['""A protein complex located in the mitochondrial inner membrane that forms part of the mitochondrial respiratory chain. Contains the 13 polypeptide subunits of cytochrome c oxidase, including cytochrome a and cytochrome a3. Catalyzes the oxidation of reduced cytochrome c by dioxygen (O2)."" [GOC:mtg_sensu, ISBN:0198547684]']",GO:0005751,[23],[nan],P00414
22,MT-CYB,mitochondrially encoded cytochrome b,4519,GO:0005750,CC,mitochondrial respiratory chain complex III,"['""A protein complex located in the mitochondrial inner membrane that forms part of the mitochondrial respiratory chain. Contains about 10 polypeptide subunits including four redox centers: cytochrome b/b6, cytochrome c1 and an 2Fe-2S cluster. Catalyzes the oxidation of ubiquinol by oxidized cytochrome c1."" [GOC:mtg_sensu, ISBN:0198547684]']",GO:0005750,[13],"[[synonym(text='mitochondrial coenzyme Q-cytochrome c oxidoreductase complex', scope='EXACT', typename='', dbxrefs=set()), synonym(text='mitochondrial coenzyme Q-cytochrome c reductase complex', scope='EXACT', typename='', dbxrefs=set()), synonym(text='mitochondrial complex III', scope='EXACT', typename='', dbxrefs={'GOC:mcc'}), synonym(text='mitochondrial cytochrome bc(1) complex', scope='EXACT', typename='', dbxrefs={'GOC:mcc'}), synonym(text='mitochondrial cytochrome bc1 complex', scope='EXACT', typename='', dbxrefs={'GOC:mcc'}), synonym(text='mitochondrial electron transport complex III', scope='RELATED', typename='', dbxrefs={'GOC:mcc'}), synonym(text='mitochondrial ubiquinol-cytochrome c oxidoreductase complex', scope='EXACT', typename='', dbxrefs={'GOC:mcc'}), synonym(text='mitochondrial ubiquinol-cytochrome-c reductase complex', scope='EXACT', typename='', dbxrefs={'GOC:mcc'})]]",P00156
23,MT-ND1,mitochondrially encoded NADH dehydrogenase 1,4535,GO:0005747,CC,mitochondrial respiratory chain complex I,"['""A protein complex located in the mitochondrial inner membrane that forms part of the mitochondrial respiratory chain. It contains about 25 different polypeptide subunits, including NADH dehydrogenase (ubiquinone), flavin mononucleotide and several different iron-sulfur clusters containing non-heme iron. The iron undergoes oxidation-reduction between Fe(II) and Fe(III), and catalyzes proton translocation linked to the oxidation of NADH by ubiquinone."" [GOC:mtg_sensu, ISBN:0198547684]']",GO:0005747,[49],[nan],P03886
24,MT-ND2,mitochondrially encoded NADH dehydrogenase 2,4536,GO:0005747,CC,mitochondrial respiratory chain complex I,"['""A protein complex located in the mitochondrial inner membrane that forms part of the mitochondrial respiratory chain. It contains about 25 different polypeptide subunits, including NADH dehydrogenase (ubiquinone), flavin mononucleotide and several different iron-sulfur clusters containing non-heme iron. The iron undergoes oxidation-reduction between Fe(II) and Fe(III), and catalyzes proton translocation linked to the oxidation of NADH by ubiquinone."" [GOC:mtg_sensu, ISBN:0198547684]']",GO:0005747,[49],[nan],P03891
25,MT-ND3,mitochondrially encoded NADH dehydrogenase 3,4537,GO:0005747,CC,mitochondrial respiratory chain complex I,"['""A protein complex located in the mitochondrial inner membrane that forms part of the mitochondrial respiratory chain. It contains about 25 different polypeptide subunits, including NADH dehydrogenase (ubiquinone), flavin mononucleotide and several different iron-sulfur clusters containing non-heme iron. The iron undergoes oxidation-reduction between Fe(II) and Fe(III), and catalyzes proton translocation linked to the oxidation of NADH by ubiquinone."" [GOC:mtg_sensu, ISBN:0198547684]']",GO:0005747,[49],[nan],P03897
26,MT-ND4,mitochondrially encoded NADH dehydrogenase 4,4538,GO:0005747,CC,mitochondrial respiratory chain complex I,"['""A protein complex located in the mitochondrial inner membrane that forms part of the mitochondrial respiratory chain. It contains about 25 different polypeptide subunits, including NADH dehydrogenase (ubiquinone), flavin mononucleotide and several different iron-sulfur clusters containing non-heme iron. The iron undergoes oxidation-reduction between Fe(II) and Fe(III), and catalyzes proton translocation linked to the oxidation of NADH by ubiquinone."" [GOC:mtg_sensu, ISBN:0198547684]']",GO:0005747,[49],[nan],P03905
27,MT-ND4L,mitochondrially encoded NADH 4L dehydrogenase,4539,GO:0005747,CC,mitochondrial respiratory chain complex I,"['""A protein complex located in the mitochondrial inner membrane that forms part of the mitochondrial respiratory chain. It contains about 25 different polypeptide subunits, including NADH dehydrogenase (ubiquinone), flavin mononucleotide and several different iron-sulfur clusters containing non-heme iron. The iron undergoes oxidation-reduction between Fe(II) and Fe(III), and catalyzes proton translocation linked to the oxidation of NADH by ubiquinone."" [GOC:mtg_sensu, ISBN:0198547684]']",GO:0005747,[49],[nan],P03901
28,MT-ND5,mitochondrially encoded NADH dehydrogenase 5,4540,GO:0005747,CC,mitochondrial respiratory chain complex I,"['""A protein complex located in the mitochondrial inner membrane that forms part of the mitochondrial respiratory chain. It contains about 25 different polypeptide subunits, including NADH dehydrogenase (ubiquinone), flavin mononucleotide and several different iron-sulfur clusters containing non-heme iron. The iron undergoes oxidation-reduction between Fe(II) and Fe(III), and catalyzes proton translocation linked to the oxidation of NADH by ubiquinone."" [GOC:mtg_sensu, ISBN:0198547684]']",GO:0005747,[49],[nan],P03915
29,MT-ND6,mitochondrially encoded NADH dehydrogenase 6,4541,GO:0005747,CC,mitochondrial respiratory chain complex I,"['""A protein complex located in the mitochondrial inner membrane that forms part of the mitochondrial respiratory chain. It contains about 25 different polypeptide subunits, including NADH dehydrogenase (ubiquinone), flavin mononucleotide and several different iron-sulfur clusters containing non-heme iron. The iron undergoes oxidation-reduction between Fe(II) and Fe(III), and catalyzes proton translocation linked to the oxidation of NADH by ubiquinone."" [GOC:mtg_sensu, ISBN:0198547684]']",GO:0005747,[49],[nan],P03923
30,NDUFA1,NADH:ubiquinone oxidoreductase subunit A1,4694,GO:0005747,CC,mitochondrial respiratory chain complex I,"['""A protein complex located in the mitochondrial inner membrane that forms part of the mitochondrial respiratory chain. It contains about 25 different polypeptide subunits, including NADH dehydrogenase (ubiquinone), flavin mononucleotide and several different iron-sulfur clusters containing non-heme iron. The iron undergoes oxidation-reduction between Fe(II) and Fe(III), and catalyzes proton translocation linked to the oxidation of NADH by ubiquinone."" [GOC:mtg_sensu, ISBN:0198547684]']",GO:0005747,[49],[nan],O15239
31,NDUFA10,NADH:ubiquinone oxidoreductase subunit A10,4705,GO:0005747,CC,mitochondrial respiratory chain complex I,"['""A protein complex located in the mitochondrial inner membrane that forms part of the mitochondrial respiratory chain. It contains about 25 different polypeptide subunits, including NADH dehydrogenase (ubiquinone), flavin mononucleotide and several different iron-sulfur clusters containing non-heme iron. The iron undergoes oxidation-reduction between Fe(II) and Fe(III), and catalyzes proton translocation linked to the oxidation of NADH by ubiquinone."" [GOC:mtg_sensu, ISBN:0198547684]']",GO:0005747,[49],[nan],O95299
32,NDUFA11,NADH:ubiquinone oxidoreductase subunit A11,126328,GO:0005747,CC,mitochondrial respiratory chain complex I,"['""A protein complex located in the mitochondrial inner membrane that forms part of the mitochondrial respiratory chain. It contains about 25 different polypeptide subunits, including NADH dehydrogenase (ubiquinone), flavin mononucleotide and several different iron-sulfur clusters containing non-heme iron. The iron undergoes oxidation-reduction between Fe(II) and Fe(III), and catalyzes proton translocation linked to the oxidation of NADH by ubiquinone."" [GOC:mtg_sensu, ISBN:0198547684]']",GO:0005747,[49],[nan],Q86Y39
33,NDUFA12,NADH:ubiquinone oxidoreductase subunit A12,55967,GO:0005747,CC,mitochondrial respiratory chain complex I,"['""A protein complex located in the mitochondrial inner membrane that forms part of the mitochondrial respiratory chain. It contains about 25 different polypeptide subunits, including NADH dehydrogenase (ubiquinone), flavin mononucleotide and several different iron-sulfur clusters containing non-heme iron. The iron undergoes oxidation-reduction between Fe(II) and Fe(III), and catalyzes proton translocation linked to the oxidation of NADH by ubiquinone."" [GOC:mtg_sensu, ISBN:0198547684]']",GO:0005747,[49],[nan],Q9UI09
34,NDUFA13,NADH:ubiquinone oxidoreductase subunit A13,51079,GO:0005747,CC,mitochondrial respiratory chain complex I,"['""A protein complex located in the mitochondrial inner membrane that forms part of the mitochondrial respiratory chain. It contains about 25 different polypeptide subunits, including NADH dehydrogenase (ubiquinone), flavin mononucleotide and several different iron-sulfur clusters containing non-heme iron. The iron undergoes oxidation-reduction between Fe(II) and Fe(III), and catalyzes proton translocation linked to the oxidation of NADH by ubiquinone."" [GOC:mtg_sensu, ISBN:0198547684]']",GO:0005747,[49],[nan],Q9P0J0
35,NDUFA2,NADH:ubiquinone oxidoreductase subunit A2,4695,GO:0005747,CC,mitochondrial respiratory chain complex I,"['""A protein complex located in the mitochondrial inner membrane that forms part of the mitochondrial respiratory chain. It contains about 25 different polypeptide subunits, including NADH dehydrogenase (ubiquinone), flavin mononucleotide and several different iron-sulfur clusters containing non-heme iron. The iron undergoes oxidation-reduction between Fe(II) and Fe(III), and catalyzes proton translocation linked to the oxidation of NADH by ubiquinone."" [GOC:mtg_sensu, ISBN:0198547684]']",GO:0005747,[49],[nan],O43678
36,NDUFA3,NADH:ubiquinone oxidoreductase subunit A3,4696,GO:0005747,CC,mitochondrial respiratory chain complex I,"['""A protein complex located in the mitochondrial inner membrane that forms part of the mitochondrial respiratory chain. It contains about 25 different polypeptide subunits, including NADH dehydrogenase (ubiquinone), flavin mononucleotide and several different iron-sulfur clusters containing non-heme iron. The iron undergoes oxidation-reduction between Fe(II) and Fe(III), and catalyzes proton translocation linked to the oxidation of NADH by ubiquinone."" [GOC:mtg_sensu, ISBN:0198547684]']",GO:0005747,[49],[nan],O95167
37,NDUFA4,NDUFA4 mitochondrial complex associated,4697,"GO:0005747, GO:0005751","CC, CC","mitochondrial respiratory chain complex I, mitochondrial respiratory chain complex IV","['""A protein complex located in the mitochondrial inner membrane that forms part of the mitochondrial respiratory chain. It contains about 25 different polypeptide subunits, including NADH dehydrogenase (ubiquinone), flavin mononucleotide and several different iron-sulfur clusters containing non-heme iron. The iron undergoes oxidation-reduction between Fe(II) and Fe(III), and catalyzes proton translocation linked to the oxidation of NADH by ubiquinone."" [GOC:mtg_sensu, ISBN:0198547684]', '""A protein complex located in the mitochondrial inner membrane that forms part of the mitochondrial respiratory chain. Contains the 13 polypeptide subunits of cytochrome c oxidase, including cytochrome a and cytochrome a3. Catalyzes the oxidation of reduced cytochrome c by dioxygen (O2)."" [GOC:mtg_sensu, ISBN:0198547684]']","GO:0005747, GO:0005751","[49, 23]","[nan, nan]",O00483
38,NDUFA4L2,NDUFA4 mitochondrial complex associated like 2,56901,GO:0005751,CC,mitochondrial respiratory chain complex IV,"['""A protein complex located in the mitochondrial inner membrane that forms part of the mitochondrial respiratory chain. Contains the 13 polypeptide subunits of cytochrome c oxidase, including cytochrome a and cytochrome a3. Catalyzes the oxidation of reduced cytochrome c by dioxygen (O2)."" [GOC:mtg_sensu, ISBN:0198547684]']",GO:0005751,[23],[nan],Q9NRX3
39,NDUFA5,NADH:ubiquinone oxidoreductase subunit A5,4698,GO:0005747,CC,mitochondrial respiratory chain complex I,"['""A protein complex located in the mitochondrial inner membrane that forms part of the mitochondrial respiratory chain. It contains about 25 different polypeptide subunits, including NADH dehydrogenase (ubiquinone), flavin mononucleotide and several different iron-sulfur clusters containing non-heme iron. The iron undergoes oxidation-reduction between Fe(II) and Fe(III), and catalyzes proton translocation linked to the oxidation of NADH by ubiquinone."" [GOC:mtg_sensu, ISBN:0198547684]']",GO:0005747,[49],[nan],Q16718
40,NDUFA6,NADH:ubiquinone oxidoreductase subunit A6,4700,GO:0005747,CC,mitochondrial respiratory chain complex I,"['""A protein complex located in the mitochondrial inner membrane that forms part of the mitochondrial respiratory chain. It contains about 25 different polypeptide subunits, including NADH dehydrogenase (ubiquinone), flavin mononucleotide and several different iron-sulfur clusters containing non-heme iron. The iron undergoes oxidation-reduction between Fe(II) and Fe(III), and catalyzes proton translocation linked to the oxidation of NADH by ubiquinone."" [GOC:mtg_sensu, ISBN:0198547684]']",GO:0005747,[49],[nan],P56556
41,NDUFA7,NADH:ubiquinone oxidoreductase subunit A7,4701,GO:0005747,CC,mitochondrial respiratory chain complex I,"['""A protein complex located in the mitochondrial inner membrane that forms part of the mitochondrial respiratory chain. It contains about 25 different polypeptide subunits, including NADH dehydrogenase (ubiquinone), flavin mononucleotide and several different iron-sulfur clusters containing non-heme iron. The iron undergoes oxidation-reduction between Fe(II) and Fe(III), and catalyzes proton translocation linked to the oxidation of NADH by ubiquinone."" [GOC:mtg_sensu, ISBN:0198547684]']",GO:0005747,[49],[nan],O95182
42,NDUFA8,NADH:ubiquinone oxidoreductase subunit A8,4702,GO:0005747,CC,mitochondrial respiratory chain complex I,"['""A protein complex located in the mitochondrial inner membrane that forms part of the mitochondrial respiratory chain. It contains about 25 different polypeptide subunits, including NADH dehydrogenase (ubiquinone), flavin mononucleotide and several different iron-sulfur clusters containing non-heme iron. The iron undergoes oxidation-reduction between Fe(II) and Fe(III), and catalyzes proton translocation linked to the oxidation of NADH by ubiquinone."" [GOC:mtg_sensu, ISBN:0198547684]']",GO:0005747,[49],[nan],P51970
43,NDUFA9,NADH:ubiquinone oxidoreductase subunit A9,4704,GO:0005747,CC,mitochondrial respiratory chain complex I,"['""A protein complex located in the mitochondrial inner membrane that forms part of the mitochondrial respiratory chain. It contains about 25 different polypeptide subunits, including NADH dehydrogenase (ubiquinone), flavin mononucleotide and several different iron-sulfur clusters containing non-heme iron. The iron undergoes oxidation-reduction between Fe(II) and Fe(III), and catalyzes proton translocation linked to the oxidation of NADH by ubiquinone."" [GOC:mtg_sensu, ISBN:0198547684]']",GO:0005747,[49],[nan],Q16795
44,NDUFAB1,NADH:ubiquinone oxidoreductase subunit AB1,4706,GO:0005747,CC,mitochondrial respiratory chain complex I,"['""A protein complex located in the mitochondrial inner membrane that forms part of the mitochondrial respiratory chain. It contains about 25 different polypeptide subunits, including NADH dehydrogenase (ubiquinone), flavin mononucleotide and several different iron-sulfur clusters containing non-heme iron. The iron undergoes oxidation-reduction between Fe(II) and Fe(III), and catalyzes proton translocation linked to the oxidation of NADH by ubiquinone."" [GOC:mtg_sensu, ISBN:0198547684]']",GO:0005747,[49],[nan],O14561
45,NDUFAF1,NADH:ubiquinone oxidoreductase complex assembly factor 1,51103,GO:0005747,CC,mitochondrial respiratory chain complex I,"['""A protein complex located in the mitochondrial inner membrane that forms part of the mitochondrial respiratory chain. It contains about 25 different polypeptide subunits, including NADH dehydrogenase (ubiquinone), flavin mononucleotide and several different iron-sulfur clusters containing non-heme iron. The iron undergoes oxidation-reduction between Fe(II) and Fe(III), and catalyzes proton translocation linked to the oxidation of NADH by ubiquinone."" [GOC:mtg_sensu, ISBN:0198547684]']",GO:0005747,[49],[nan],Q9Y375
46,NDUFB1,NADH:ubiquinone oxidoreductase subunit B1,4707,GO:0005747,CC,mitochondrial respiratory chain complex I,"['""A protein complex located in the mitochondrial inner membrane that forms part of the mitochondrial respiratory chain. It contains about 25 different polypeptide subunits, including NADH dehydrogenase (ubiquinone), flavin mononucleotide and several different iron-sulfur clusters containing non-heme iron. The iron undergoes oxidation-reduction between Fe(II) and Fe(III), and catalyzes proton translocation linked to the oxidation of NADH by ubiquinone."" [GOC:mtg_sensu, ISBN:0198547684]']",GO:0005747,[49],[nan],O75438
47,NDUFB10,NADH:ubiquinone oxidoreductase subunit B10,4716,GO:0005747,CC,mitochondrial respiratory chain complex I,"['""A protein complex located in the mitochondrial inner membrane that forms part of the mitochondrial respiratory chain. It contains about 25 different polypeptide subunits, including NADH dehydrogenase (ubiquinone), flavin mononucleotide and several different iron-sulfur clusters containing non-heme iron. The iron undergoes oxidation-reduction between Fe(II) and Fe(III), and catalyzes proton translocation linked to the oxidation of NADH by ubiquinone."" [GOC:mtg_sensu, ISBN:0198547684]']",GO:0005747,[49],[nan],O96000
48,NDUFB11,NADH:ubiquinone oxidoreductase subunit B11,54539,GO:0005747,CC,mitochondrial respiratory chain complex I,"['""A protein complex located in the mitochondrial inner membrane that forms part of the mitochondrial respiratory chain. It contains about 25 different polypeptide subunits, including NADH dehydrogenase (ubiquinone), flavin mononucleotide and several different iron-sulfur clusters containing non-heme iron. The iron undergoes oxidation-reduction between Fe(II) and Fe(III), and catalyzes proton translocation linked to the oxidation of NADH by ubiquinone."" [GOC:mtg_sensu, ISBN:0198547684]']",GO:0005747,[49],[nan],Q9NX14
49,NDUFB2,NADH:ubiquinone oxidoreductase subunit B2,4708,GO:0005747,CC,mitochondrial respiratory chain complex I,"['""A protein complex located in the mitochondrial inner membrane that forms part of the mitochondrial respiratory chain. It contains about 25 different polypeptide subunits, including NADH dehydrogenase (ubiquinone), flavin mononucleotide and several different iron-sulfur clusters containing non-heme iron. The iron undergoes oxidation-reduction between Fe(II) and Fe(III), and catalyzes proton translocation linked to the oxidation of NADH by ubiquinone."" [GOC:mtg_sensu, ISBN:0198547684]']",GO:0005747,[49],[nan],O95178
50,NDUFB3,NADH:ubiquinone oxidoreductase subunit B3,4709,GO:0005747,CC,mitochondrial respiratory chain complex I,"['""A protein complex located in the mitochondrial inner membrane that forms part of the mitochondrial respiratory chain. It contains about 25 different polypeptide subunits, including NADH dehydrogenase (ubiquinone), flavin mononucleotide and several different iron-sulfur clusters containing non-heme iron. The iron undergoes oxidation-reduction between Fe(II) and Fe(III), and catalyzes proton translocation linked to the oxidation of NADH by ubiquinone."" [GOC:mtg_sensu, ISBN:0198547684]']",GO:0005747,[49],[nan],O43676
51,NDUFB4,NADH:ubiquinone oxidoreductase subunit B4,4710,GO:0005747,CC,mitochondrial respiratory chain complex I,"['""A protein complex located in the mitochondrial inner membrane that forms part of the mitochondrial respiratory chain. It contains about 25 different polypeptide subunits, including NADH dehydrogenase (ubiquinone), flavin mononucleotide and several different iron-sulfur clusters containing non-heme iron. The iron undergoes oxidation-reduction between Fe(II) and Fe(III), and catalyzes proton translocation linked to the oxidation of NADH by ubiquinone."" [GOC:mtg_sensu, ISBN:0198547684]']",GO:0005747,[49],[nan],O95168
52,NDUFB5,NADH:ubiquinone oxidoreductase subunit B5,4711,GO:0005747,CC,mitochondrial respiratory chain complex I,"['""A protein complex located in the mitochondrial inner membrane that forms part of the mitochondrial respiratory chain. It contains about 25 different polypeptide subunits, including NADH dehydrogenase (ubiquinone), flavin mononucleotide and several different iron-sulfur clusters containing non-heme iron. The iron undergoes oxidation-reduction between Fe(II) and Fe(III), and catalyzes proton translocation linked to the oxidation of NADH by ubiquinone."" [GOC:mtg_sensu, ISBN:0198547684]']",GO:0005747,[49],[nan],O43674
53,NDUFB6,NADH:ubiquinone oxidoreductase subunit B6,4712,GO:0005747,CC,mitochondrial respiratory chain complex I,"['""A protein complex located in the mitochondrial inner membrane that forms part of the mitochondrial respiratory chain. It contains about 25 different polypeptide subunits, including NADH dehydrogenase (ubiquinone), flavin mononucleotide and several different iron-sulfur clusters containing non-heme iron. The iron undergoes oxidation-reduction between Fe(II) and Fe(III), and catalyzes proton translocation linked to the oxidation of NADH by ubiquinone."" [GOC:mtg_sensu, ISBN:0198547684]']",GO:0005747,[49],[nan],O95139
54,NDUFB7,NADH:ubiquinone oxidoreductase subunit B7,4713,GO:0005747,CC,mitochondrial respiratory chain complex I,"['""A protein complex located in the mitochondrial inner membrane that forms part of the mitochondrial respiratory chain. It contains about 25 different polypeptide subunits, including NADH dehydrogenase (ubiquinone), flavin mononucleotide and several different iron-sulfur clusters containing non-heme iron. The iron undergoes oxidation-reduction between Fe(II) and Fe(III), and catalyzes proton translocation linked to the oxidation of NADH by ubiquinone."" [GOC:mtg_sensu, ISBN:0198547684]']",GO:0005747,[49],[nan],P17568
55,NDUFB8,NADH:ubiquinone oxidoreductase subunit B8,4714,GO:0005747,CC,mitochondrial respiratory chain complex I,"['""A protein complex located in the mitochondrial inner membrane that forms part of the mitochondrial respiratory chain. It contains about 25 different polypeptide subunits, including NADH dehydrogenase (ubiquinone), flavin mononucleotide and several different iron-sulfur clusters containing non-heme iron. The iron undergoes oxidation-reduction between Fe(II) and Fe(III), and catalyzes proton translocation linked to the oxidation of NADH by ubiquinone."" [GOC:mtg_sensu, ISBN:0198547684]']",GO:0005747,[49],[nan],O95169
56,NDUFB9,NADH:ubiquinone oxidoreductase subunit B9,4715,GO:0005747,CC,mitochondrial respiratory chain complex I,"['""A protein complex located in the mitochondrial inner membrane that forms part of the mitochondrial respiratory chain. It contains about 25 different polypeptide subunits, including NADH dehydrogenase (ubiquinone), flavin mononucleotide and several different iron-sulfur clusters containing non-heme iron. The iron undergoes oxidation-reduction between Fe(II) and Fe(III), and catalyzes proton translocation linked to the oxidation of NADH by ubiquinone."" [GOC:mtg_sensu, ISBN:0198547684]']",GO:0005747,[49],[nan],Q9Y6M9
57,NDUFC1,NADH:ubiquinone oxidoreductase subunit C1,4717,GO:0005747,CC,mitochondrial respiratory chain complex I,"['""A protein complex located in the mitochondrial inner membrane that forms part of the mitochondrial respiratory chain. It contains about 25 different polypeptide subunits, including NADH dehydrogenase (ubiquinone), flavin mononucleotide and several different iron-sulfur clusters containing non-heme iron. The iron undergoes oxidation-reduction between Fe(II) and Fe(III), and catalyzes proton translocation linked to the oxidation of NADH by ubiquinone."" [GOC:mtg_sensu, ISBN:0198547684]']",GO:0005747,[49],[nan],O43677
58,NDUFC2,NADH:ubiquinone oxidoreductase subunit C2,4718,GO:0005747,CC,mitochondrial respiratory chain complex I,"['""A protein complex located in the mitochondrial inner membrane that forms part of the mitochondrial respiratory chain. It contains about 25 different polypeptide subunits, including NADH dehydrogenase (ubiquinone), flavin mononucleotide and several different iron-sulfur clusters containing non-heme iron. The iron undergoes oxidation-reduction between Fe(II) and Fe(III), and catalyzes proton translocation linked to the oxidation of NADH by ubiquinone."" [GOC:mtg_sensu, ISBN:0198547684]']",GO:0005747,[49],[nan],O95298
59,NDUFC2-KCTD14,NDUFC2-KCTD14 readthrough,100532726,GO:0005747,CC,mitochondrial respiratory chain complex I,"['""A protein complex located in the mitochondrial inner membrane that forms part of the mitochondrial respiratory chain. It contains about 25 different polypeptide subunits, including NADH dehydrogenase (ubiquinone), flavin mononucleotide and several different iron-sulfur clusters containing non-heme iron. The iron undergoes oxidation-reduction between Fe(II) and Fe(III), and catalyzes proton translocation linked to the oxidation of NADH by ubiquinone."" [GOC:mtg_sensu, ISBN:0198547684]']",GO:0005747,[49],[nan],E9PQ53
60,NDUFS1,NADH:ubiquinone oxidoreductase core subunit S1,4719,GO:0005747,CC,mitochondrial respiratory chain complex I,"['""A protein complex located in the mitochondrial inner membrane that forms part of the mitochondrial respiratory chain. It contains about 25 different polypeptide subunits, including NADH dehydrogenase (ubiquinone), flavin mononucleotide and several different iron-sulfur clusters containing non-heme iron. The iron undergoes oxidation-reduction between Fe(II) and Fe(III), and catalyzes proton translocation linked to the oxidation of NADH by ubiquinone."" [GOC:mtg_sensu, ISBN:0198547684]']",GO:0005747,[49],[nan],P28331
61,NDUFS2,NADH:ubiquinone oxidoreductase core subunit S2,4720,GO:0005747,CC,mitochondrial respiratory chain complex I,"['""A protein complex located in the mitochondrial inner membrane that forms part of the mitochondrial respiratory chain. It contains about 25 different polypeptide subunits, including NADH dehydrogenase (ubiquinone), flavin mononucleotide and several different iron-sulfur clusters containing non-heme iron. The iron undergoes oxidation-reduction between Fe(II) and Fe(III), and catalyzes proton translocation linked to the oxidation of NADH by ubiquinone."" [GOC:mtg_sensu, ISBN:0198547684]']",GO:0005747,[49],[nan],O75306
62,NDUFS3,NADH:ubiquinone oxidoreductase core subunit S3,4722,GO:0005747,CC,mitochondrial respiratory chain complex I,"['""A protein complex located in the mitochondrial inner membrane that forms part of the mitochondrial respiratory chain. It contains about 25 different polypeptide subunits, including NADH dehydrogenase (ubiquinone), flavin mononucleotide and several different iron-sulfur clusters containing non-heme iron. The iron undergoes oxidation-reduction between Fe(II) and Fe(III), and catalyzes proton translocation linked to the oxidation of NADH by ubiquinone."" [GOC:mtg_sensu, ISBN:0198547684]']",GO:0005747,[49],[nan],O75489
63,NDUFS4,NADH:ubiquinone oxidoreductase subunit S4,4724,GO:0005747,CC,mitochondrial respiratory chain complex I,"['""A protein complex located in the mitochondrial inner membrane that forms part of the mitochondrial respiratory chain. It contains about 25 different polypeptide subunits, including NADH dehydrogenase (ubiquinone), flavin mononucleotide and several different iron-sulfur clusters containing non-heme iron. The iron undergoes oxidation-reduction between Fe(II) and Fe(III), and catalyzes proton translocation linked to the oxidation of NADH by ubiquinone."" [GOC:mtg_sensu, ISBN:0198547684]']",GO:0005747,[49],[nan],O43181
64,NDUFS5,NADH:ubiquinone oxidoreductase subunit S5,4725,GO:0005747,CC,mitochondrial respiratory chain complex I,"['""A protein complex located in the mitochondrial inner membrane that forms part of the mitochondrial respiratory chain. It contains about 25 different polypeptide subunits, including NADH dehydrogenase (ubiquinone), flavin mononucleotide and several different iron-sulfur clusters containing non-heme iron. The iron undergoes oxidation-reduction between Fe(II) and Fe(III), and catalyzes proton translocation linked to the oxidation of NADH by ubiquinone."" [GOC:mtg_sensu, ISBN:0198547684]']",GO:0005747,[49],[nan],O43920
65,NDUFS6,NADH:ubiquinone oxidoreductase subunit S6,4726,GO:0005747,CC,mitochondrial respiratory chain complex I,"['""A protein complex located in the mitochondrial inner membrane that forms part of the mitochondrial respiratory chain. It contains about 25 different polypeptide subunits, including NADH dehydrogenase (ubiquinone), flavin mononucleotide and several different iron-sulfur clusters containing non-heme iron. The iron undergoes oxidation-reduction between Fe(II) and Fe(III), and catalyzes proton translocation linked to the oxidation of NADH by ubiquinone."" [GOC:mtg_sensu, ISBN:0198547684]']",GO:0005747,[49],[nan],O75380
66,NDUFS7,NADH:ubiquinone oxidoreductase core subunit S7,374291,GO:0005747,CC,mitochondrial respiratory chain complex I,"['""A protein complex located in the mitochondrial inner membrane that forms part of the mitochondrial respiratory chain. It contains about 25 different polypeptide subunits, including NADH dehydrogenase (ubiquinone), flavin mononucleotide and several different iron-sulfur clusters containing non-heme iron. The iron undergoes oxidation-reduction between Fe(II) and Fe(III), and catalyzes proton translocation linked to the oxidation of NADH by ubiquinone."" [GOC:mtg_sensu, ISBN:0198547684]']",GO:0005747,[49],[nan],O75251
67,NDUFS8,NADH:ubiquinone oxidoreductase core subunit S8,4728,GO:0005747,CC,mitochondrial respiratory chain complex I,"['""A protein complex located in the mitochondrial inner membrane that forms part of the mitochondrial respiratory chain. It contains about 25 different polypeptide subunits, including NADH dehydrogenase (ubiquinone), flavin mononucleotide and several different iron-sulfur clusters containing non-heme iron. The iron undergoes oxidation-reduction between Fe(II) and Fe(III), and catalyzes proton translocation linked to the oxidation of NADH by ubiquinone."" [GOC:mtg_sensu, ISBN:0198547684]']",GO:0005747,[49],[nan],O00217
68,NDUFV1,NADH:ubiquinone oxidoreductase core subunit V1,4723,GO:0005747,CC,mitochondrial respiratory chain complex I,"['""A protein complex located in the mitochondrial inner membrane that forms part of the mitochondrial respiratory chain. It contains about 25 different polypeptide subunits, including NADH dehydrogenase (ubiquinone), flavin mononucleotide and several different iron-sulfur clusters containing non-heme iron. The iron undergoes oxidation-reduction between Fe(II) and Fe(III), and catalyzes proton translocation linked to the oxidation of NADH by ubiquinone."" [GOC:mtg_sensu, ISBN:0198547684]']",GO:0005747,[49],[nan],P49821
69,NDUFV2,NADH:ubiquinone oxidoreductase core subunit V2,4729,GO:0005747,CC,mitochondrial respiratory chain complex I,"['""A protein complex located in the mitochondrial inner membrane that forms part of the mitochondrial respiratory chain. It contains about 25 different polypeptide subunits, including NADH dehydrogenase (ubiquinone), flavin mononucleotide and several different iron-sulfur clusters containing non-heme iron. The iron undergoes oxidation-reduction between Fe(II) and Fe(III), and catalyzes proton translocation linked to the oxidation of NADH by ubiquinone."" [GOC:mtg_sensu, ISBN:0198547684]']",GO:0005747,[49],[nan],P19404
70,NDUFV3,NADH:ubiquinone oxidoreductase subunit V3,4731,GO:0005747,CC,mitochondrial respiratory chain complex I,"['""A protein complex located in the mitochondrial inner membrane that forms part of the mitochondrial respiratory chain. It contains about 25 different polypeptide subunits, including NADH dehydrogenase (ubiquinone), flavin mononucleotide and several different iron-sulfur clusters containing non-heme iron. The iron undergoes oxidation-reduction between Fe(II) and Fe(III), and catalyzes proton translocation linked to the oxidation of NADH by ubiquinone."" [GOC:mtg_sensu, ISBN:0198547684]']",GO:0005747,[49],[nan],P56181
71,SDHA,succinate dehydrogenase complex flavoprotein subunit A,6389,GO:0005749,CC,"mitochondrial respiratory chain complex II, succinate dehydrogenase complex (ubiquinone)","['""A protein complex located in the mitochondrial inner membrane that forms part of the mitochondrial respiratory chain. Contains the four polypeptide subunits of succinate dehydrogenase, flavin-adenine dinucleotide and iron-sulfur. Catalyzes the oxidation of succinate by ubiquinone. Connects the TCA cycle with the respiratory chain."" [GOC:mtg_sensu, GOC:vw, ISBN:0198547684]']",GO:0005749,[4],[nan],P31040
72,SDHB,succinate dehydrogenase complex iron sulfur subunit B,6390,GO:0005749,CC,"mitochondrial respiratory chain complex II, succinate dehydrogenase complex (ubiquinone)","['""A protein complex located in the mitochondrial inner membrane that forms part of the mitochondrial respiratory chain. Contains the four polypeptide subunits of succinate dehydrogenase, flavin-adenine dinucleotide and iron-sulfur. Catalyzes the oxidation of succinate by ubiquinone. Connects the TCA cycle with the respiratory chain."" [GOC:mtg_sensu, GOC:vw, ISBN:0198547684]']",GO:0005749,[4],[nan],P21912
73,SDHC,succinate dehydrogenase complex subunit C,6391,GO:0005749,CC,"mitochondrial respiratory chain complex II, succinate dehydrogenase complex (ubiquinone)","['""A protein complex located in the mitochondrial inner membrane that forms part of the mitochondrial respiratory chain. Contains the four polypeptide subunits of succinate dehydrogenase, flavin-adenine dinucleotide and iron-sulfur. Catalyzes the oxidation of succinate by ubiquinone. Connects the TCA cycle with the respiratory chain."" [GOC:mtg_sensu, GOC:vw, ISBN:0198547684]']",GO:0005749,[4],[nan],Q99643
74,SDHD,succinate dehydrogenase complex subunit D,6392,GO:0005749,CC,"mitochondrial respiratory chain complex II, succinate dehydrogenase complex (ubiquinone)","['""A protein complex located in the mitochondrial inner membrane that forms part of the mitochondrial respiratory chain. Contains the four polypeptide subunits of succinate dehydrogenase, flavin-adenine dinucleotide and iron-sulfur. Catalyzes the oxidation of succinate by ubiquinone. Connects the TCA cycle with the respiratory chain."" [GOC:mtg_sensu, GOC:vw, ISBN:0198547684]']",GO:0005749,[4],[nan],O14521
75,UQCR10,"ubiquinol-cytochrome c reductase, complex III subunit X",29796,GO:0005750,CC,mitochondrial respiratory chain complex III,"['""A protein complex located in the mitochondrial inner membrane that forms part of the mitochondrial respiratory chain. Contains about 10 polypeptide subunits including four redox centers: cytochrome b/b6, cytochrome c1 and an 2Fe-2S cluster. Catalyzes the oxidation of ubiquinol by oxidized cytochrome c1."" [GOC:mtg_sensu, ISBN:0198547684]']",GO:0005750,[13],"[[synonym(text='mitochondrial coenzyme Q-cytochrome c oxidoreductase complex', scope='EXACT', typename='', dbxrefs=set()), synonym(text='mitochondrial coenzyme Q-cytochrome c reductase complex', scope='EXACT', typename='', dbxrefs=set()), synonym(text='mitochondrial complex III', scope='EXACT', typename='', dbxrefs={'GOC:mcc'}), synonym(text='mitochondrial cytochrome bc(1) complex', scope='EXACT', typename='', dbxrefs={'GOC:mcc'}), synonym(text='mitochondrial cytochrome bc1 complex', scope='EXACT', typename='', dbxrefs={'GOC:mcc'}), synonym(text='mitochondrial electron transport complex III', scope='RELATED', typename='', dbxrefs={'GOC:mcc'}), synonym(text='mitochondrial ubiquinol-cytochrome c oxidoreductase complex', scope='EXACT', typename='', dbxrefs={'GOC:mcc'}), synonym(text='mitochondrial ubiquinol-cytochrome-c reductase complex', scope='EXACT', typename='', dbxrefs={'GOC:mcc'})]]",Q9UDW1
76,UQCR11,"ubiquinol-cytochrome c reductase, complex III subunit XI",10975,GO:0005750,CC,mitochondrial respiratory chain complex III,"['""A protein complex located in the mitochondrial inner membrane that forms part of the mitochondrial respiratory chain. Contains about 10 polypeptide subunits including four redox centers: cytochrome b/b6, cytochrome c1 and an 2Fe-2S cluster. Catalyzes the oxidation of ubiquinol by oxidized cytochrome c1."" [GOC:mtg_sensu, ISBN:0198547684]']",GO:0005750,[13],"[[synonym(text='mitochondrial coenzyme Q-cytochrome c oxidoreductase complex', scope='EXACT', typename='', dbxrefs=set()), synonym(text='mitochondrial coenzyme Q-cytochrome c reductase complex', scope='EXACT', typename='', dbxrefs=set()), synonym(text='mitochondrial complex III', scope='EXACT', typename='', dbxrefs={'GOC:mcc'}), synonym(text='mitochondrial cytochrome bc(1) complex', scope='EXACT', typename='', dbxrefs={'GOC:mcc'}), synonym(text='mitochondrial cytochrome bc1 complex', scope='EXACT', typename='', dbxrefs={'GOC:mcc'}), synonym(text='mitochondrial electron transport complex III', scope='RELATED', typename='', dbxrefs={'GOC:mcc'}), synonym(text='mitochondrial ubiquinol-cytochrome c oxidoreductase complex', scope='EXACT', typename='', dbxrefs={'GOC:mcc'}), synonym(text='mitochondrial ubiquinol-cytochrome-c reductase complex', scope='EXACT', typename='', dbxrefs={'GOC:mcc'})]]",O14957
77,UQCRB,ubiquinol-cytochrome c reductase binding protein,7381,GO:0005750,CC,mitochondrial respiratory chain complex III,"['""A protein complex located in the mitochondrial inner membrane that forms part of the mitochondrial respiratory chain. Contains about 10 polypeptide subunits including four redox centers: cytochrome b/b6, cytochrome c1 and an 2Fe-2S cluster. Catalyzes the oxidation of ubiquinol by oxidized cytochrome c1."" [GOC:mtg_sensu, ISBN:0198547684]']",GO:0005750,[13],"[[synonym(text='mitochondrial coenzyme Q-cytochrome c oxidoreductase complex', scope='EXACT', typename='', dbxrefs=set()), synonym(text='mitochondrial coenzyme Q-cytochrome c reductase complex', scope='EXACT', typename='', dbxrefs=set()), synonym(text='mitochondrial complex III', scope='EXACT', typename='', dbxrefs={'GOC:mcc'}), synonym(text='mitochondrial cytochrome bc(1) complex', scope='EXACT', typename='', dbxrefs={'GOC:mcc'}), synonym(text='mitochondrial cytochrome bc1 complex', scope='EXACT', typename='', dbxrefs={'GOC:mcc'}), synonym(text='mitochondrial electron transport complex III', scope='RELATED', typename='', dbxrefs={'GOC:mcc'}), synonym(text='mitochondrial ubiquinol-cytochrome c oxidoreductase complex', scope='EXACT', typename='', dbxrefs={'GOC:mcc'}), synonym(text='mitochondrial ubiquinol-cytochrome-c reductase complex', scope='EXACT', typename='', dbxrefs={'GOC:mcc'})]]",P14927
78,UQCRC1,ubiquinol-cytochrome c reductase core protein 1,7384,GO:0005750,CC,mitochondrial respiratory chain complex III,"['""A protein complex located in the mitochondrial inner membrane that forms part of the mitochondrial respiratory chain. Contains about 10 polypeptide subunits including four redox centers: cytochrome b/b6, cytochrome c1 and an 2Fe-2S cluster. Catalyzes the oxidation of ubiquinol by oxidized cytochrome c1."" [GOC:mtg_sensu, ISBN:0198547684]']",GO:0005750,[13],"[[synonym(text='mitochondrial coenzyme Q-cytochrome c oxidoreductase complex', scope='EXACT', typename='', dbxrefs=set()), synonym(text='mitochondrial coenzyme Q-cytochrome c reductase complex', scope='EXACT', typename='', dbxrefs=set()), synonym(text='mitochondrial complex III', scope='EXACT', typename='', dbxrefs={'GOC:mcc'}), synonym(text='mitochondrial cytochrome bc(1) complex', scope='EXACT', typename='', dbxrefs={'GOC:mcc'}), synonym(text='mitochondrial cytochrome bc1 complex', scope='EXACT', typename='', dbxrefs={'GOC:mcc'}), synonym(text='mitochondrial electron transport complex III', scope='RELATED', typename='', dbxrefs={'GOC:mcc'}), synonym(text='mitochondrial ubiquinol-cytochrome c oxidoreductase complex', scope='EXACT', typename='', dbxrefs={'GOC:mcc'}), synonym(text='mitochondrial ubiquinol-cytochrome-c reductase complex', scope='EXACT', typename='', dbxrefs={'GOC:mcc'})]]",P31930
79,UQCRC2,ubiquinol-cytochrome c reductase core protein 2,7385,"GO:0005750, GO:0005751","CC, CC","mitochondrial respiratory chain complex III, mitochondrial respiratory chain complex IV","['""A protein complex located in the mitochondrial inner membrane that forms part of the mitochondrial respiratory chain. Contains about 10 polypeptide subunits including four redox centers: cytochrome b/b6, cytochrome c1 and an 2Fe-2S cluster. Catalyzes the oxidation of ubiquinol by oxidized cytochrome c1."" [GOC:mtg_sensu, ISBN:0198547684]', '""A protein complex located in the mitochondrial inner membrane that forms part of the mitochondrial respiratory chain. Contains the 13 polypeptide subunits of cytochrome c oxidase, including cytochrome a and cytochrome a3. Catalyzes the oxidation of reduced cytochrome c by dioxygen (O2)."" [GOC:mtg_sensu, ISBN:0198547684]']","GO:0005750, GO:0005751","[13, 23]","[[synonym(text='mitochondrial coenzyme Q-cytochrome c oxidoreductase complex', scope='EXACT', typename='', dbxrefs=set()), synonym(text='mitochondrial coenzyme Q-cytochrome c reductase complex', scope='EXACT', typename='', dbxrefs=set()), synonym(text='mitochondrial complex III', scope='EXACT', typename='', dbxrefs={'GOC:mcc'}), synonym(text='mitochondrial cytochrome bc(1) complex', scope='EXACT', typename='', dbxrefs={'GOC:mcc'}), synonym(text='mitochondrial cytochrome bc1 complex', scope='EXACT', typename='', dbxrefs={'GOC:mcc'}), synonym(text='mitochondrial electron transport complex III', scope='RELATED', typename='', dbxrefs={'GOC:mcc'}), synonym(text='mitochondrial ubiquinol-cytochrome c oxidoreductase complex', scope='EXACT', typename='', dbxrefs={'GOC:mcc'}), synonym(text='mitochondrial ubiquinol-cytochrome-c reductase complex', scope='EXACT', typename='', dbxrefs={'GOC:mcc'})], nan]",P22695
80,UQCRFS1,"ubiquinol-cytochrome c reductase, Rieske iron-sulfur polypeptide 1",7386,"GO:0005750, GO:0005751","CC, CC","mitochondrial respiratory chain complex III, mitochondrial respiratory chain complex IV","['""A protein complex located in the mitochondrial inner membrane that forms part of the mitochondrial respiratory chain. Contains about 10 polypeptide subunits including four redox centers: cytochrome b/b6, cytochrome c1 and an 2Fe-2S cluster. Catalyzes the oxidation of ubiquinol by oxidized cytochrome c1."" [GOC:mtg_sensu, ISBN:0198547684]', '""A protein complex located in the mitochondrial inner membrane that forms part of the mitochondrial respiratory chain. Contains the 13 polypeptide subunits of cytochrome c oxidase, including cytochrome a and cytochrome a3. Catalyzes the oxidation of reduced cytochrome c by dioxygen (O2)."" [GOC:mtg_sensu, ISBN:0198547684]']","GO:0005750, GO:0005751","[13, 23]","[[synonym(text='mitochondrial coenzyme Q-cytochrome c oxidoreductase complex', scope='EXACT', typename='', dbxrefs=set()), synonym(text='mitochondrial coenzyme Q-cytochrome c reductase complex', scope='EXACT', typename='', dbxrefs=set()), synonym(text='mitochondrial complex III', scope='EXACT', typename='', dbxrefs={'GOC:mcc'}), synonym(text='mitochondrial cytochrome bc(1) complex', scope='EXACT', typename='', dbxrefs={'GOC:mcc'}), synonym(text='mitochondrial cytochrome bc1 complex', scope='EXACT', typename='', dbxrefs={'GOC:mcc'}), synonym(text='mitochondrial electron transport complex III', scope='RELATED', typename='', dbxrefs={'GOC:mcc'}), synonym(text='mitochondrial ubiquinol-cytochrome c oxidoreductase complex', scope='EXACT', typename='', dbxrefs={'GOC:mcc'}), synonym(text='mitochondrial ubiquinol-cytochrome-c reductase complex', scope='EXACT', typename='', dbxrefs={'GOC:mcc'})], nan]",P47985
81,UQCRH,ubiquinol-cytochrome c reductase hinge protein,7388,GO:0005750,CC,mitochondrial respiratory chain complex III,"['""A protein complex located in the mitochondrial inner membrane that forms part of the mitochondrial respiratory chain. Contains about 10 polypeptide subunits including four redox centers: cytochrome b/b6, cytochrome c1 and an 2Fe-2S cluster. Catalyzes the oxidation of ubiquinol by oxidized cytochrome c1."" [GOC:mtg_sensu, ISBN:0198547684]']",GO:0005750,[13],"[[synonym(text='mitochondrial coenzyme Q-cytochrome c oxidoreductase complex', scope='EXACT', typename='', dbxrefs=set()), synonym(text='mitochondrial coenzyme Q-cytochrome c reductase complex', scope='EXACT', typename='', dbxrefs=set()), synonym(text='mitochondrial complex III', scope='EXACT', typename='', dbxrefs={'GOC:mcc'}), synonym(text='mitochondrial cytochrome bc(1) complex', scope='EXACT', typename='', dbxrefs={'GOC:mcc'}), synonym(text='mitochondrial cytochrome bc1 complex', scope='EXACT', typename='', dbxrefs={'GOC:mcc'}), synonym(text='mitochondrial electron transport complex III', scope='RELATED', typename='', dbxrefs={'GOC:mcc'}), synonym(text='mitochondrial ubiquinol-cytochrome c oxidoreductase complex', scope='EXACT', typename='', dbxrefs={'GOC:mcc'}), synonym(text='mitochondrial ubiquinol-cytochrome-c reductase complex', scope='EXACT', typename='', dbxrefs={'GOC:mcc'})]]",P07919
82,UQCRHL,ubiquinol-cytochrome c reductase hinge protein like,440567,GO:0005750,CC,mitochondrial respiratory chain complex III,"['""A protein complex located in the mitochondrial inner membrane that forms part of the mitochondrial respiratory chain. Contains about 10 polypeptide subunits including four redox centers: cytochrome b/b6, cytochrome c1 and an 2Fe-2S cluster. Catalyzes the oxidation of ubiquinol by oxidized cytochrome c1."" [GOC:mtg_sensu, ISBN:0198547684]']",GO:0005750,[13],"[[synonym(text='mitochondrial coenzyme Q-cytochrome c oxidoreductase complex', scope='EXACT', typename='', dbxrefs=set()), synonym(text='mitochondrial coenzyme Q-cytochrome c reductase complex', scope='EXACT', typename='', dbxrefs=set()), synonym(text='mitochondrial complex III', scope='EXACT', typename='', dbxrefs={'GOC:mcc'}), synonym(text='mitochondrial cytochrome bc(1) complex', scope='EXACT', typename='', dbxrefs={'GOC:mcc'}), synonym(text='mitochondrial cytochrome bc1 complex', scope='EXACT', typename='', dbxrefs={'GOC:mcc'}), synonym(text='mitochondrial electron transport complex III', scope='RELATED', typename='', dbxrefs={'GOC:mcc'}), synonym(text='mitochondrial ubiquinol-cytochrome c oxidoreductase complex', scope='EXACT', typename='', dbxrefs={'GOC:mcc'}), synonym(text='mitochondrial ubiquinol-cytochrome-c reductase complex', scope='EXACT', typename='', dbxrefs={'GOC:mcc'})]]",A0A096LP55
83,UQCRQ,ubiquinol-cytochrome c reductase complex III subunit VII,27089,GO:0005750,CC,mitochondrial respiratory chain complex III,"['""A protein complex located in the mitochondrial inner membrane that forms part of the mitochondrial respiratory chain. Contains about 10 polypeptide subunits including four redox centers: cytochrome b/b6, cytochrome c1 and an 2Fe-2S cluster. Catalyzes the oxidation of ubiquinol by oxidized cytochrome c1."" [GOC:mtg_sensu, ISBN:0198547684]']",GO:0005750,[13],"[[synonym(text='mitochondrial coenzyme Q-cytochrome c oxidoreductase complex', scope='EXACT', typename='', dbxrefs=set()), synonym(text='mitochondrial coenzyme Q-cytochrome c reductase complex', scope='EXACT', typename='', dbxrefs=set()), synonym(text='mitochondrial complex III', scope='EXACT', typename='', dbxrefs={'GOC:mcc'}), synonym(text='mitochondrial cytochrome bc(1) complex', scope='EXACT', typename='', dbxrefs={'GOC:mcc'}), synonym(text='mitochondrial cytochrome bc1 complex', scope='EXACT', typename='', dbxrefs={'GOC:mcc'}), synonym(text='mitochondrial electron transport complex III', scope='RELATED', typename='', dbxrefs={'GOC:mcc'}), synonym(text='mitochondrial ubiquinol-cytochrome c oxidoreductase complex', scope='EXACT', typename='', dbxrefs={'GOC:mcc'}), synonym(text='mitochondrial ubiquinol-cytochrome-c reductase complex', scope='EXACT', typename='', dbxrefs={'GOC:mcc'})]]",O14949
84,WDR93,WD repeat domain 93,56964,GO:0005747,CC,mitochondrial respiratory chain complex I,"['""A protein complex located in the mitochondrial inner membrane that forms part of the mitochondrial respiratory chain. It contains about 25 different polypeptide subunits, including NADH dehydrogenase (ubiquinone), flavin mononucleotide and several different iron-sulfur clusters containing non-heme iron. The iron undergoes oxidation-reduction between Fe(II) and Fe(III), and catalyzes proton translocation linked to the oxidation of NADH by ubiquinone."" [GOC:mtg_sensu, ISBN:0198547684]']",GO:0005747,[49],[nan],Q6P2C0
